Ancient_PreContactDingo	NullarborPlain1_615	PreContactAustralia	NullarborPlain1_615
Ancient_PreContactDingo	NullarborPlain11_639	PreContactAustralia	NullarborPlain11_639
Ancient_PreContactDingo	NullarborPlain12_541	PreContactAustralia	NullarborPlain12_541
Ancient_PreContactDingo	NullarborPlain13_372	PreContactAustralia	NullarborPlain13_372
Ancient_PreContactDingo	NullarborPlain14_295	PreContactAustralia	NullarborPlain14_295
Ancient_PreContactDingo	NullarborPlain15_1227	PreContactAustralia	NullarborPlain15_1227
Ancient_PreContactDingo	NullarborPlain17_485	PreContactAustralia	NullarborPlain17_485
Ancient_PreContactDingo	NullarborPlain18_762	PreContactAustralia	NullarborPlain18_762
Ancient_PreContactDingo	NullarborPlain19_884	PreContactAustralia	NullarborPlain19_884
Ancient_PreContactDingo	NullarborPlain2_276	PreContactAustralia	NullarborPlain2_276
Ancient_PreContactDingo	NullarborPlain7_385	PreContactAustralia	NullarborPlain7_385
Ancient_PreContactDingo	NullarborPlain8_1180	PreContactAustralia	NullarborPlain8_1180
Ancient_PreContactDingo	NullarborPlain9_998	PreContactAustralia	NullarborPlain9_998
Dingo_BigDesert	Dingo33_BigDesert	Dingo33_BigDesert	Dingo33_BigDesert
Dingo_BigDesert	Dingo34_BigDesert	Dingo34_BigDesert	Dingo34_BigDesert
Dingo_BigDesert	Dingo35_BigDesert	Dingo35_BigDesert	Dingo35_BigDesert
Dingo_BigDesert	Dingo36_BigDesert	Dingo36_BigDesert	Dingo36_BigDesert
Dingo_Captive	Dingo02_Captive	Dingo02_Captive	Dingo02_Captive
Dingo_Captive	Dingo13_Captive	Dingo13_Captive	Dingo13_Captive
Dingo_Captive	Dingo16_Captive	Dingo16_Captive	Dingo16_Captive
Dingo_Captive	Dingo17_Captive	Dingo17_Captive	Dingo17_Captive
Dingo_Captive	Dingo19_Captive	Dingo19_Captive	Dingo19_Captive
Dingo_Captive	Dingo20_Captive	Dingo20_Captive	Dingo20_Captive
Dingo_Captive_South	Dingo12_Captive_South	Dingo12_Captive_South	Dingo12_Captive_South
Dingo_Captive_South	Dingo32_Captive_South	Dingo32_Captive_South	Dingo32_Captive_South
Dingo_Captive_West	Dingo18_Captive_West	Dingo18_Captive_West	Dingo18_Captive_West
Dingo_Captive_West	Dingo22_Captive_West	Dingo22_Captive_West	Dingo22_Captive_West
Dingo_Captive_West	Dingo27_Captive_West	Dingo27_Captive_West	Dingo27_Captive_West
Dingo_East	Dingo37_East	Dingo37_East	Dingo37_East
Dingo_East	Dingo38_East	Dingo38_East	Dingo38_East
Dingo_East	Dingo39_East	Dingo39_East	Dingo39_East
Dingo_East	Dingo40_East	Dingo40_East	Dingo40_East
Dingo_South	Dingo05_South	Dingo05_South	Dingo05_South
Dingo_South	Dingo06_South	Dingo06_South	Dingo06_South
Dingo_South	Dingo08_South	Dingo08_South	Dingo08_South
Dingo_South	Dingo28_South	Dingo28_South	Dingo28_South
Dingo_South	Dingo41_South	Dingo41_South	Dingo41_South
Dingo_South	Dingo42_South	Dingo42_South	Dingo42_South
Dingo_South	Dingo43_South	Dingo43_South	Dingo43_South
European_Dogs	BassetHound01_10376	European	BassetHound01_10376
European_Dogs	BavarianHound01	European	BavarianHound01
European_Dogs	Beagle01_16145	European	Beagle01_16145
European_Dogs	Bloodhound01_25394	European	Bloodhound01_25394
European_Dogs	BorderCollie01	European	BorderCollie01
European_Dogs	Borzoi01_13141	European	Borzoi01_13141
European_Dogs	Briard01_15126	European	Briard01_15126
European_Dogs	BrittanySpaniel03_12726	European	BrittanySpaniel03_12726
European_Dogs	BrusselsGriffon01_6033	European	BrusselsGriffon01_6033
European_Dogs	Bulldog01_14566	European	Bulldog01_14566
European_Dogs	BullMastiff01	European	BullMastiff01
European_Dogs	BullTerrier01	European	BullTerrier01
European_Dogs	CairnTerrier01	European	CairnTerrier01
European_Dogs	CavalierKingCharlesSpaniel01	European	CavalierKingCharlesSpaniel01
European_Dogs	CockerSpanielEnglish05	European	CockerSpanielEnglish05
European_Dogs	Collie01_13303	European	Collie01_13303
European_Dogs	Dachshund01	European	Dachshund01
European_Dogs	Dalmatian01	European	Dalmatian01
European_Dogs	Doberman06	European	Doberman06
European_Dogs	EnglishMastiff04_30097	European	EnglishMastiff04_30097
European_Dogs	EnglishSpringerSpaniel01	European	EnglishSpringerSpaniel01
European_Dogs	FlatCoatedRetriever01_20576	European	FlatCoatedRetriever01_20576
European_Dogs	FrenchBulldog01	European	FrenchBulldog01
European_Dogs	GermanShepherd29	European	GermanShepherd29
European_Dogs	GermanShorthairedPointer01_30644	European	GermanShorthairedPointer01_30644
European_Dogs	GiantSchnauzer01_20570	European	GiantSchnauzer01_20570
European_Dogs	GlenofImaalTerrier01_4258	European	GlenofImaalTerrier01_4258
European_Dogs	GoldenRetriever01	European	GoldenRetriever01
European_Dogs	GreatDane01_6610	European	GreatDane01_6610
European_Dogs	GreekTracer01	European	GreekTracer01
European_Dogs	Havanese02	European	Havanese02
European_Dogs	IbizanHound01_1171	European	IbizanHound01_1171
European_Dogs	IrishWaterSpaniel01_28373	European	IrishWaterSpaniel01_28373
European_Dogs	IrishWolfhound01_21534	European	IrishWolfhound01_21534
European_Dogs	ItalianGreyhound01	European	ItalianGreyhound01
European_Dogs	JackRussellTerrier02	European	JackRussellTerrier02
European_Dogs	Kuvasz01_7774	European	Kuvasz01_7774
European_Dogs	LabradorRetriever01	European	LabradorRetriever01
European_Dogs	MiniatureBullTerrier01	European	MiniatureBullTerrier01
European_Dogs	MiniaturePinscher01_12874	European	MiniaturePinscher01_12874
European_Dogs	NorwichTerrier01	European	NorwichTerrier01
European_Dogs	OldEnglishSheepdog01_5990	European	OldEnglishSheepdog01_5990
European_Dogs	PembrokeWelshCorgi01	European	PembrokeWelshCorgi01
European_Dogs	Pomeranian01	European	Pomeranian01
European_Dogs	Rottweiler01_21895	European	Rottweiler01_21895
European_Dogs	SaintBernard01_1075	European	SaintBernard01_1075
European_Dogs	ScottishDeerhound01	European	ScottishDeerhound01
European_Dogs	ScottishTerrier01_8542	European	ScottishTerrier01_8542
European_Dogs	ShetlandSheepdog01_11617	European	ShetlandSheepdog01_11617
European_Dogs	StaffordshireBullTerrier01_27211	European	StaffordshireBullTerrier01_27211
European_Dogs	StandardPoodle01	European	StandardPoodle01
European_Dogs	SussexSpaniel01_6098	European	SussexSpaniel01_6098
European_Dogs	ToyPoodle01_10442	European	ToyPoodle01_10442
European_Dogs	Whippet01	European	Whippet01
European_Dogs	YorkshireTerrier01	European	YorkshireTerrier01
Wild_NewGuinea	HighlandWildDog01_34326	HighlandWildDog01_34326	HighlandWildDog01_34326
Wild_NewGuinea	HighlandWildDog02_34327	HighlandWildDog02_34327	HighlandWildDog02_34327
Wild_NewGuinea	HighlandWildDog03_35837	HighlandWildDog03_35837	HighlandWildDog03_35837